doctor_code,name,doctor_uuid
"MLS-DOC-001","Abhilash","c93a3dc6-bce8-4b30-aea4-87cf0ca6fb38"
"MLS-DOC-002","Adarsh Kota","dd8e9a47-89d3-4cb8-816e-c1582bef420d"
"MLS-DOC-003","Ajay","91f1fedd-d773-4348-9d37-aff2602450d2"
"MLS-DOC-004","Akhila","38759b93-101f-4250-bb34-a29f5a2caafe"
"MLS-DOC-005","Anudeep","aebefb42-8651-4f22-bf55-a53c0c054ed6"
"MLS-DOC-006","Anurag","41cbb55a-d07b-444a-9a08-104222240baa"
"MLS-DOC-007","Arun Reddy","c9225485-58b0-4395-807b-9c5abb26da6a"
"MLS-DOC-008","Azharuddin","e8f5853e-fde1-4cea-a396-f69c6785a740"
"MLS-DOC-009","Bala Rajashekar","06a8c5aa-dd28-4129-ab3c-1332e1fa404a"
"MLS-DOC-010","Bala Vardhan Reddy","55ddad71-692c-419f-998d-ca2f4f809057"
"MLS-DOC-011","Bhanu Prakash","31758932-1b48-4102-99c5-ab8d0e948724"
"MLS-DOC-012","Bhanu Pratap","c07501be-fb1f-4407-bbd4-c8955ddac29e"
"MLS-DOC-013","Bhupin Singh Bakshi","3b10f9f8-0151-4e1b-a29e-cac328c68d89"
"MLS-DOC-014","Bonss","a4ce99d4-360e-47f1-80f6-a6a79e3c216f"
"MLS-DOC-015","Byreddy Shiva Reddy","c3b71a01-41ba-46a0-ba1a-14a277a6dd63"
"MLS-DOC-016","Chaithanya","30d289ee-93c2-4dfd-a3bf-f7d3f341ee1d"
"MLS-DOC-017","Chandra Kiran","b3016ad9-1c5f-416a-9a40-e2c86e81236e"
"MLS-DOC-018","Chandra Shekar","64effbfb-2f01-4aa9-9a53-97bf9824c4da"
"MLS-DOC-019","Chari","b185b531-098b-44e2-9072-1978bca9443a"
"MLS-DOC-020","Dikshith","9cda53fa-048a-4cd2-8812-85d5e22b2681"
"MLS-DOC-021","Gopinath Bandari","41189d2d-ed9f-4a61-af8d-1912edafcad7"
"MLS-DOC-022","Hari Prasad","5025b58c-be1e-443c-8182-61375928f72c"
"MLS-DOC-023","Harsha Vikram","2207845e-64f6-4b35-9b93-89916ba86c2a"
"MLS-DOC-024","Himakanth","440fa75d-9422-4243-b0d7-836156edf7e1"
"MLS-DOC-025","Jagadish Babu","07a9b0f9-028f-4a9c-95a2-dc8b2871b635"
"MLS-DOC-026","Kamaraju","5a26b902-4574-4bcc-a594-41dd8138f032"
"MLS-DOC-027","Karthik Pingle","69dc6ef7-c7e9-479a-9a9f-df4e632c2329"
"MLS-DOC-028","Karthik Reddy","534018b4-d21b-49d5-acdd-bbde5dc3b357"
"MLS-DOC-029","Kasha","8abf9895-4750-48f3-8670-fb84976a927b"
"MLS-DOC-030","Keerthi","54af0c30-f4e4-4d01-9aee-bf3e432c1328"
"MLS-DOC-031","Kiran","95549374-dd10-401b-8aba-1c664e434025"
"MLS-DOC-032","Kiran Reddy","d468884d-7e7d-4d16-a738-bc9bc37ca73e"
"MLS-DOC-033","Kishore","d85290cf-38b5-4674-9de0-a4caf07a926a"
"MLS-DOC-034","Koushik Reddy","b7f8bcef-e859-4535-bf17-5d7527d62203"
"MLS-DOC-035","Krishna Chaitanya","d3a57c15-cb11-4758-833f-d8fb9f83e471"
"MLS-DOC-036","Krishna Sai","d1e752c9-029c-4195-b2e6-1ae0feb48596"
"MLS-DOC-037","Laxman","1d92b3b6-3947-46b2-898d-c448027abf3b"
"MLS-DOC-038","Madhan Mohan","fe5198a8-087d-4d79-a0f4-2a313820c7a4"
"MLS-DOC-039","Madhu Sudhan","b7fdc3df-7cab-4af6-bea8-238807103f14"
"MLS-DOC-040","Manjunath","366c94f6-f297-46cb-8285-549d4af56c71"
"MLS-DOC-041","Manoj Tej","de097c9d-3d59-4182-89f6-4352a698a21a"
"MLS-DOC-042","Mohith","57153b07-f7b7-42a1-b659-f25d0c78760b"
"MLS-DOC-043","P. Somu","3e425e65-56eb-4f40-bdda-d4ffe88e46e9"
"MLS-DOC-044","Parvathi","8a4fe9b8-a6df-4b58-b3bd-f926384de899"
"MLS-DOC-045","Pavan Goud","a5fbb690-847d-443d-a62a-08903476e28d"
"MLS-DOC-046","Prabath Lucky Reddy","dd3b1a44-447f-4813-ae4f-fe4d9b4de49b"
"MLS-DOC-047","Prasad","7f015054-c9d0-4210-afdd-66d90b64c92a"
"MLS-DOC-048","Prashanth","878d63a7-ee8f-4d0f-84d4-b53b6df0759c"
"MLS-DOC-049","Prashanth Meshram","1beb4cb9-f1aa-4b7b-b59b-09698e4966ea"
"MLS-DOC-050","Prathap","848b0f01-0502-43a3-8c54-cf817ac96c47"
"MLS-DOC-051","Prudhvi","f05f22e5-0384-4024-baeb-c3e9f2f27211"
"MLS-DOC-052","Rajiv Reddy","efe7a74d-3b03-4051-a3ea-0edd6df8b5d4"
"MLS-DOC-053","Rajiv Varma","0695a683-adf9-4e3a-9da9-4677de981a35"
"MLS-DOC-054","Ram Mohan","6fd6aa9b-6523-4e63-8c03-47e4473e54f5"
"MLS-DOC-055","Ramaya","bb9466b1-1530-43e0-b0ae-4b1e8b4d9d12"
"MLS-DOC-056","Ramesh","1d8cb862-23c5-45d9-98c3-3ac59d3fb028"
"MLS-DOC-057","Raos","b619cb2c-cf50-41dd-835b-d06fe340a74e"
"MLS-DOC-058","Roshan","b8c9f591-df13-4b81-9417-6a2b5f3cb90b"
"MLS-DOC-059","Sai Goud","e52639ce-bc2c-4a1a-8837-0d0cde613001"
"MLS-DOC-060","Sai Kalyan","a31b92a7-f472-411e-88b9-2ead5fcf10f0"
"MLS-DOC-061","Sai Krishna","d7d428b4-4df0-4634-ac57-7f75f811e4b1"
"MLS-DOC-062","Sai Laxman","55a10638-49f5-44f6-87b0-be852b5bcdfc"
"MLS-DOC-063","Santosh Reddy","981eb550-2de5-4a42-8d76-40e9796bcebd"
"MLS-DOC-064","Sathan","e71af695-d403-462c-9e48-9cf80800c4a4"
"MLS-DOC-065","Satish","198fe109-c118-4e9f-8a68-2344a849ed34"
"MLS-DOC-066","Seshidharan","fc0e04e3-31c9-4c19-b646-ca37e223800a"
"MLS-DOC-067","Sharath","8a5c20b3-4933-40ca-99c4-58225526854d"
"MLS-DOC-068","Sharath Chandra","bff34001-6401-41ea-a27c-fdc512ec7888"
"MLS-DOC-069","Shashi","e28eb924-54a1-46e8-b356-1c747f1cdaed"
"MLS-DOC-070","Shiva","59a317e2-42e0-48b1-9010-849c9c754933"
"MLS-DOC-071","Shiva Sai","667f42ef-732e-441a-817b-d4f4e1f67fbc"
"MLS-DOC-072","Shravan","5d8202ef-e13d-4e66-a829-c6ce3c797fc9"
"MLS-DOC-073","Shravan Kumar","dacda3c2-11c3-4532-994a-4505fdb44187"
"MLS-DOC-074","Shravya","56c9d5b7-2ed9-4cdc-80e6-891373835465"
"MLS-DOC-075","Siddhartha","db735e64-1e25-4af6-ae4f-3b05f7082d6b"
"MLS-DOC-076","Somu","33a5fe68-72db-4f42-9e0e-eed62d12151e"
"MLS-DOC-077","Srinivas Gupta","d2f1756e-43df-406a-a48b-9a9700764a8d"
"MLS-DOC-078","Srinivas Kasha","100bc431-f7bd-4713-8fe2-91fc0b9e3f3b"
"MLS-DOC-079","Srinivas Reddy","61d941ec-709a-4115-a279-f0389e2a8f94"
"MLS-DOC-080","Sudharshan Reddy","ba253267-82f7-4252-864a-a4702ca65203"
"MLS-DOC-081","Suresh","e33c23f9-bd4b-4e76-936c-b7adbd27d100"
"MLS-DOC-082","Swaroop","18062cfd-83c9-4810-ada8-b681a0650fe1"
"MLS-DOC-083","Tilak","f239117d-bc72-4611-a36d-b348d3b9e535"
"MLS-DOC-084","Vamshi","83e34d29-c880-4f79-8f18-c3e4fd64e2ed"
"MLS-DOC-085","Vamshi Krishna","7bc5b055-f8e6-4664-901e-8fe0aec54ff8"
"MLS-DOC-086","Varun","9c392af1-7252-43b2-862d-df1a665e9b8c"
"MLS-DOC-087","Veda Prakash","2c799851-0830-480b-afac-5bfebcd8d7d5"
"MLS-DOC-088","Veerendra","9909f30d-f9b3-4776-9b88-b4ffb93f8c11"
"MLS-DOC-089","Venkat Ram Prasad","80269e99-07b5-4003-b8c8-3ec8548a5834"
"MLS-DOC-090","Venkat Ramana","c818d5fd-1dc4-4546-9233-ce48b40ae2af"
"MLS-DOC-091","Venu Gopal","3cdb983b-4ed2-4350-8e84-4a69c6e70e98"
"MLS-DOC-092","Vikram","e824a4c6-0f19-43be-ad46-1bc7cc50f7b1"
"MLS-DOC-093","Vinay","67795fd0-0840-49bf-8ea5-bb47c0346e82"
"MLS-DOC-094","Vivek Reddy","4dbea735-aedd-4205-a17b-f9f016125b36"